<samples>
  <overlapping name="Chess" N="2" periodic="True"/>
  <overlapping name="Chess" N="2" size="47" periodic="True" screenshots="1"/>
  <overlapping name="Skyline" N="3" symmetry="2" ground="True" periodic="True"/>
  <overlapping name="Flowers" N="3" symmetry="2" ground="True" periodic="True"/>
  <overlapping name="Hogs" N="3" periodic="True"/>
  <overlapping name="Hogs" N="2" periodic="True"/>
  <overlapping name="Knot" N="3" periodic="True"/>
  <overlapping name="LessRooms" N="3" periodic="True"/>
  <overlapping name="Mountains" N="3" symmetry="2" periodic="True"/>
  <overlapping name="Office" N="3" periodic="True"/>
  <overlapping name="Paths" N="3" periodic="True"/>
  <overlapping name="Platformer" N="2" symmetry="2" ground="True" periodic="True"/>
  <overlapping name="Platformer" N="3" symmetry="2" ground="True" periodic="True"/>
  <overlapping name="RedMaze" N="2"/>
  <overlapping name="Rooms" N="3" screenshots="3" periodic="True"/>
  <overlapping name="Rule126" N="3" symmetry="2" periodicInput="False" periodic="False"/>
  <overlapping name="SimpleKnot" N="3" periodic="True"/>
  <overlapping name="SimpleMaze" N="2"/>
  <overlapping name="SimpleWall" N="3" symmetry="2" periodic="True"/>
  <overlapping name="SimpleWall" N="3" periodic="True"/>
  <overlapping name="SimpleWall" N="2" symmetry="2" periodic="True"/>
  <overlapping name="SimpleWall" N="2" periodic="True"/>
  <overlapping name="TrickKnot" N="3" periodic="True"/>
  <overlapping name="Village" N="3" symmetry="2" periodic="True"/>
  <overlapping name="Water" N="3" symmetry="1" periodic="True"/>
  <simpletiled name="Summer" size="20"/>
  <simpletiled name="Castle" size="50" heuristic="Scanline"/>
  <simpletiled name="Circuit" subset="Turnless" size="34" periodic="True" screenshots="3"/>
  <simpletiled name="Knots" subset="Standard" size="24" periodic="True"/>
  <simpletiled name="Knots" subset="Dense" size="24" periodic="True"/>
  <simpletiled name="Knots" subset="Crossless" size="24"/>
  <simpletiled name="Knots" subset="TE" size="24" screenshots="1"/>
  <simpletiled name="Knots" subset="T" size="24" screenshots="1"/>
  <simpletiled name="Knots" subset="CL" size="24"/>
  <simpletiled name="Knots" subset="CE" size="24" periodic="True"/>
  <simpletiled name="Knots" subset="C" size="24" periodic="True"/>
  <simpletiled name="Knots" subset="Fabric" size="24" periodic="True" screenshots="1"/>
  <simpletiled name="Knots" subset="Dense Fabric" size="24" periodic="True" screenshots="1"/>
  <simpletiled name="Rooms" size="30"/>
  <simpletiled name="Circles" size="24" screenshots="1"/>
  <simpletiled name="Circles" subset="Large Circles" size="24" screenshots="1"/>
  <simpletiled name="Circles" subset="Large Circles and Solid" size="24" screenshots="1"/>
  <simpletiled name="Circles" subset="No Solid" size="24" screenshots="1"/>
  <simpletiled name="FloorPlan" size="20" screenshots="3"/>

  <overlapping name="Cat" N="3" symmetry="2" periodic="True" size="80"/>
  <overlapping name="Cats" N="3" symmetry="2" periodic="True"/>
  <overlapping name="Skyline2" N="3" symmetry="2" periodic="True" ground="True"/>
  <overlapping name="Angular" N="3" periodic="True"/>
  <overlapping name="City" N="3" periodic="True" size="80"/>
  <overlapping name="ColoredCity" N="3" periodic="True"/>
  <overlapping name="Dungeon" N="3" periodic="True"/>
  <overlapping name="Lake" N="3" periodic="True" size="60"/>
  <overlapping name="Link" N="3" periodic="True"/>
  <overlapping name="Link2" N="3" periodic="True"/>
  <overlapping name="Mazelike" N="3" periodic="True"/>
  <overlapping name="Nested" N="3" periodic="True"/>
  <overlapping name="MagicOffice" N="3" periodic="True"/>
  <overlapping name="Office2" N="3" periodic="True"/>
  <overlapping name="Qud" N="3" periodic="True" size="80"/>
  <overlapping name="RedDot" N="3" periodic="True"/>
  <overlapping name="ScaledMaze" N="2" periodic="True"/>
  <overlapping name="Sewers" N="3" periodic="True"/>
  <overlapping name="Skew1" N="3" periodic="True"/>
  <overlapping name="Skew2" N="3" periodic="True"/>
  <overlapping name="SmileCity" N="3" periodic="True"/>
  <overlapping name="Spirals" N="3" periodic="True"/>
  <overlapping name="Town" N="3" periodic="True"/>
  <overlapping name="Wall" N="2" symmetry="1" screenshots="1"/>
  <overlapping name="Wall" N="3" symmetry="2" screenshots="1"/>
  <overlapping name="Wall" N="3" screenshots="1"/>
  <overlapping name="Lines" N="3"/>
  <overlapping name="WalledDot" N="3"/>
  <overlapping name="NotKnot" N="3" periodic="True" periodicInput="False"/>
  <overlapping name="Sand" N="3" periodic="True" periodicInput="False" screenshots="3"/>
  <overlapping name="Wrinkles" N="3" periodic="True" heuristic="MRV" size="120"/>
  <overlapping name="3Bricks" N="3" symmetry="1" periodic="True"/>
  <overlapping name="Circle" N="3" symmetry="1" periodic="True" heuristic="MRV" size="90" screenshots="1"/>
  <overlapping name="Circle" N="4" symmetry="1" periodic="True" heuristic="MRV" size="90" screenshots="1"/>
  <overlapping name="Disk" N="3" symmetry="1" periodic="True" heuristic="MRV" size="90" screenshots="1"/>
  <overlapping name="Disk" N="3" periodic="True" heuristic="MRV" size="90" screenshots="1"/>
  <overlapping name="Disk" N="4" periodic="True" heuristic="MRV" size="90" screenshots="1"/>
  <overlapping name="BrownFox" N="4" symmetry="1" heuristic="MRV" size="90" screenshots="1"/>
  <overlapping name="Font" N="5" symmetry="2" periodic="True" heuristic="MRV" size="90" screenshots="1"/>
  
  <overlapping name="Village" N="3" symmetry="2" size="36" periodic="True" limit="120"/>
  <simpletiled name="Summer" size="10" periodic="False" limit="25" blackBackground="True"/>

  <simpletiled name="Knots" subset="Standard" size="5" periodic="True" textOutput="True"/>
  <simpletiled name="Summer" size="6" periodic="False" textOutput="True"/>
  <simpletiled name="Circuit" subset="Turnless" size="7" periodic="True" textOutput="True"/>
</samples>
